{"fmus":{"{WaterTank}":"file:////Users/kel/into-cps-projects/case-study_single_watertank/FMUs/singlewatertank-20sim.fmu","{Controller}":"file:////Users/kel/into-cps-projects/case-study_single_watertank/FMUs/watertankController.fmu","{unity}":"file:////Users/kel/data/into-cps/unity/unity-proxy-fmu"},"connections":{"{WaterTank}.wt.level":["{Controller}.cont.level","{unity}.unityInstance.Player.Plane.Cylinder.GameObject.Cylinder.transform.position.y"],"{Controller}.cont.valve":["{WaterTank}.wt.valvecontrol","{unity}.unityInstance.Player.Plane.Cylinder.Cylinder.Script!ValveHandler.IsOpen"]},"parameters":{"{Controller}.cont.maxlevel":2,"{Controller}.cont.minlevel":1},"livestream":{"{Controller}.cont":["valve"],"{WaterTank}.wt":["level"]},"algorithm":{"type":"fixed-step","size":0.1}}