{"fmus":{"{WaterTank}":"file:////Users/kel/into-cps-projects/case-study_single_watertank/FMUs/1singlewatertank-20sim.fmu","{Controller}":"file:////Users/kel/into-cps-projects/case-study_single_watertank/FMUs/watertankController.fmu"},"connections":{"{WaterTank}.wt.level":["{Controller}.cont.level"],"{Controller}.cont.valve":["{WaterTank}.wt.valvecontrol"]},"parameters":{"{Controller}.cont.maxlevel":2,"{Controller}.cont.minlevel":1},"livestream":{"{Controller}.cont":["valve"],"{WaterTank}.wt":["level"]},"overrideLogLevel":"WARN","algorithm":{"type":"fixed-step","size":0.1},"multimodel_crc":null,"parallelSimulation":false,"stabalizationEnabled":true,"global_absolute_tolerance":0,"global_relative_tolerance":0.01,"simulationProgramDelay":false}