{"fmus":{"{WaterTank}":"file:////home/mot/Work/Aarhus%20University/Overture/case-study_single_watertank/FMUs/singlewatertank-20sim.fmu","{Controller}":"file:////home/mot/Work/Aarhus%20University/Overture/case-study_single_watertank/FMUs/watertankController-Standalone.fmu"},"connections":{"{WaterTank}.wt.level":["{Controller}.cont.level"],"{Controller}.cont.valve":["{WaterTank}.wt.valvecontrol"]},"parameters":{"{Controller}.cont.maxlevel":2,"{Controller}.cont.minlevel":1},"livestream":{"{Controller}.cont":["valve"],"{WaterTank}.wt":["level"]},"algorithm":{"type":"var-step","initsize":0.1,"size":[0.05,0.2],"constraints":{}},"multimodel_crc":null,"parallelSimulation":false,"stabalizationEnabled":false,"global_absolute_tolerance":0,"global_relative_tolerance":0.01}